"AGQ","2008-12-31","29.07","32.01","28.67","31.50","34500","31.50","false"
"AGQ","2008-12-30","29.33","30.41","29.08","29.43","67900","29.43","false"
"AGQ","2008-12-29","30.96","30.96","28.85","29.00","51000","29.00","false"
"AGQ","2008-12-26","26.86","28.72","26.54","28.72","7600","28.72","false"
"AGQ","2008-12-24","25.69","26.98","25.69","26.80","6200","26.80","false"
"AGQ","2008-12-23","28.19","28.65","25.39","26.38","49100","26.38","false"
"AGQ","2008-12-22","29.76","29.80","28.95","29.10","12600","29.10","false"
"AGQ","2008-12-19","29.34","30.00","29.10","29.47","23200","29.47","false"
"AGQ","2008-12-18","31.42","31.62","29.75","30.18","75200","30.18","false"
"AGQ","2008-12-17","31.50","33.72","31.50","32.75","91500","32.75","false"
"AGQ","2008-12-16","28.34","33.74","28.00","31.26","52900","31.26","false"
"AGQ","2008-12-15","26.83","28.88","26.76","28.56","29000","28.56","false"
"AGQ","2008-12-12","25.87","26.86","25.58","26.38","11200","26.38","false"
"AGQ","2008-12-11","27.62","28.01","26.92","27.00","38500","27.00","false"
"AGQ","2008-12-10","26.05","26.52","25.70","26.42","21500","26.42","false"
"AGQ","2008-12-09","24.18","25.01","24.03","24.47","14800","24.47","false"
"AGQ","2008-12-08","26.12","27.14","24.86","25.55","11200","25.55","false"
"AGQ","2008-12-05","22.07","22.83","21.60","22.74","11700","22.74","false"
"AGQ","2008-12-04","22.89","23.10","22.80","22.80","3900","22.80","false"
"AGQ","2009-12-31","57.06","57.12","55.87","56.15","229300","56.15","false"
"AGQ","2009-12-30","56.19","56.58","55.50","55.97","282600","55.97","false"
"AGQ","2009-12-29","60.09","60.15","57.65","57.95","255800","57.95","false"
"AGQ","2009-12-28","61.18","61.46","60.25","60.87","256800","60.87","false"
"AGQ","2009-12-24","59.40","60.75","59.20","60.69","205500","60.69","false"
"AGQ","2009-12-23","57.89","58.80","57.69","58.02","412200","58.02","false"
"AGQ","2009-12-22","57.00","58.40","55.70","57.09","375200","57.09","false"
"AGQ","2009-12-21","59.76","59.82","57.00","57.28","282800","57.28","false"
"AGQ","2009-12-18","58.82","59.84","57.96","59.13","414400","59.13","false"
"AGQ","2009-12-17","60.43","60.93","57.88","57.97","454300","57.97","false"
"AGQ","2009-12-16","60.80","62.81","60.74","62.14","576100","62.14","false"
"AGQ","2009-12-15","59.57","60.80","59.22","60.28","386400","60.28","false"
"AGQ","2009-12-14","59.20","60.17","58.68","59.98","524100","59.98","false"
"AGQ","2009-12-11","59.54","59.84","56.79","58.62","557800","58.62","false"
"AGQ","2009-12-10","60.13","60.79","58.44","60.36","485400","60.36","false"
"AGQ","2009-12-09","62.50","63.75","58.36","60.65","936600","60.65","false"
"AGQ","2009-12-08","64.28","64.71","61.33","61.81","915000","61.81","false"
"AGQ","2009-12-07","64.47","67.09","63.69","65.79","740700","65.79","false"
"AGQ","2009-12-04","70.56","70.72","66.75","68.43","980800","68.43","false"
"AGQ","2009-12-03","71.83","73.11","70.73","71.88","639500","71.88","false"
"AGQ","2009-12-02","74.39","75.57","73.20","73.89","964900","73.89","false"
"AGQ","2009-12-01","70.93","74.23","70.31","73.00","926200","73.00","false"
"AGQ","2009-11-30","66.14","68.67","65.78","68.37","703200","68.37","false"
"AGQ","2009-11-27","64.38","68.53","64.34","66.98","893800","66.98","false"
"AGQ","2009-11-25","69.76","71.34","69.29","71.24","561600","71.24","false"
"AGQ","2009-11-24","69.59","69.59","67.56","69.22","569100","69.22","false"
"AGQ","2009-11-23","71.40","72.05","69.18","69.48","761200","69.48","false"
"AGQ","2009-11-20","67.07","69.15","66.85","69.11","472600","69.11","false"
"AGQ","2009-11-19","68.89","69.45","66.45","69.38","470400","69.38","false"
"AGQ","2009-11-18","71.03","71.48","68.15","69.33","716900","69.33","false"
"AGQ","2009-11-17","67.18","68.51","66.74","68.51","386400","68.51","false"
"AGQ","2009-11-16","64.21","68.52","64.17","67.71","891200","67.71","false"
"AGQ","2009-11-13","59.20","61.46","58.50","61.37","425300","61.37","false"
"AGQ","2009-11-12","61.41","62.26","59.69","59.90","508400","59.90","false"
"AGQ","2009-11-11","63.28","63.41","61.23","62.44","569900","62.44","false"
"AGQ","2009-11-10","61.14","62.31","59.51","60.58","479700","60.58","false"
"AGQ","2009-11-09","63.56","63.60","61.74","62.55","455400","62.55","false"
"AGQ","2009-11-06","61.44","62.88","60.55","61.21","563500","61.21","false"
"AGQ","2009-11-05","61.72","62.12","60.99","61.45","501000","61.45","false"
"AGQ","2009-11-04","61.84","62.99","60.86","61.52","814900","61.52","false"
"AGQ","2009-11-03","54.03","61.01","53.99","60.58","1122700","60.58","false"
"AGQ","2009-11-02","55.24","56.96","54.32","54.88","578400","54.88","false"
"AGQ","2009-10-30","55.60","55.98","53.10","54.59","548400","54.59","false"
"AGQ","2009-10-29","55.29","56.83","55.13","56.68","643800","56.68","false"
"AGQ","2009-10-28","54.71","55.66","52.92","53.13","543900","53.13","false"
"AGQ","2009-10-27","58.75","59.02","55.61","56.53","1007800","56.53","false"
"AGQ","2009-10-26","63.79","64.71","59.03","59.87","832800","59.87","false"
"AGQ","2009-10-23","65.67","65.79","62.33","64.11","390300","64.11","false"
"AGQ","2009-10-22","62.48","63.83","61.61","63.49","314200","63.49","false"
"AGQ","2009-10-21","62.53","64.98","62.53","63.69","413200","63.69","false"
"AGQ","2009-10-20","64.76","64.77","62.11","62.72","450000","62.72","false"
"AGQ","2009-10-19","62.31","64.45","61.59","64.35","400100","64.35","false"
"AGQ","2009-10-16","61.69","63.20","61.41","62.56","295800","62.56","false"
"AGQ","2009-10-15","63.19","64.57","61.52","61.78","597800","61.78","false"
"AGQ","2009-10-14","65.68","66.14","65.06","65.48","457500","65.48","false"
"AGQ","2009-10-13","64.51","65.73","63.36","64.86","525100","64.86","false"
"AGQ","2009-10-12","65.26","66.15","64.64","64.84","350800","64.84","false"
"AGQ","2009-10-09","64.56","65.29","63.48","64.54","457000","64.54","false"
"AGQ","2009-10-08","63.95","66.19","63.19","65.24","722100","65.24","false"
"AGQ","2009-10-07","62.18","63.65","61.62","63.37","596500","63.37","false"
"AGQ","2009-10-06","60.49","62.50","60.35","61.92","774300","61.92","false"
"AGQ","2009-10-05","54.23","57.20","53.84","57.07","377100","57.07","false"
"AGQ","2009-10-02","53.47","56.00","53.31","53.65","470100","53.65","false"
"AGQ","2009-10-01","57.46","57.78","55.20","55.24","540700","55.24","false"
"AGQ","2009-09-30","55.72","57.56","54.48","57.25","599600","57.25","false"
"AGQ","2009-09-29","54.04","54.49","53.47","54.00","209400","54.00","false"
"AGQ","2009-09-28","53.08","54.99","53.03","54.15","294600","54.15","false"
"AGQ","2009-09-25","53.30","54.49","52.95","53.16","413900","53.16","false"
"AGQ","2009-09-24","58.98","59.09","54.15","54.90","650300","54.90","false"
"AGQ","2009-09-23","59.77","60.56","57.85","58.98","522100","58.98","false"
"AGQ","2009-09-22","61.60","61.69","60.44","61.16","350600","61.16","false"
"AGQ","2009-09-21","58.20","59.70","57.47","58.84","404600","58.84","false"
"AGQ","2009-09-18","61.82","61.89","60.05","60.10","456700","60.10","false"
"AGQ","2009-09-17","63.08","64.10","61.47","61.84","596800","61.84","false"
"AGQ","2009-09-16","62.55","63.55","61.93","63.23","582000","63.23","false"
"AGQ","2009-09-15","57.39","60.70","57.31","60.57","542400","60.57","false"
"AGQ","2009-09-14","57.35","58.01","56.78","57.26","378200","57.26","false"
"AGQ","2009-09-11","59.86","60.24","57.83","58.84","554600","58.84","false"
"AGQ","2009-09-10","55.75","58.33","55.50","58.24","504800","58.24","false"
"AGQ","2009-09-09","57.32","58.46","55.37","55.82","736800","55.82","false"
"AGQ","2009-09-08","58.71","59.01","56.19","56.58","878000","56.58","false"
"AGQ","2009-09-04","53.82","56.22","52.72","55.45","719400","55.45","false"
"AGQ","2009-09-03","52.22","55.72","51.68","54.82","784800","54.82","false"
"AGQ","2009-09-02","47.74","50.48","46.59","50.45","339800","50.45","false"
"AGQ","2009-09-01","46.40","48.14","45.63","47.64","368000","47.64","false"
"AGQ","2009-08-31","45.25","46.97","45.00","46.68","244100","46.68","false"
"AGQ","2009-08-28","46.03","46.67","45.66","45.98","284400","45.98","false"
"AGQ","2009-08-27","43.23","43.53","41.82","43.16","158800","43.16","false"
"AGQ","2009-08-26","43.24","43.44","42.54","43.39","80300","43.39","false"
"AGQ","2009-08-25","43.51","44.09","42.83","43.24","170300","43.24","false"
"AGQ","2009-08-24","44.06","44.25","41.87","42.29","256100","42.29","false"
"AGQ","2009-08-21","42.85","43.13","42.17","42.58","212700","42.58","false"
"AGQ","2009-08-20","40.66","41.30","40.56","41.04","140000","41.04","false"
"AGQ","2009-08-19","39.32","41.39","39.06","40.52","302600","40.52","false"
"AGQ","2009-08-18","41.07","41.87","40.87","41.46","164900","41.46","false"
"AGQ","2009-08-17","41.89","42.10","40.65","41.71","322800","41.71","false"
"AGQ","2009-08-14","48.25","48.30","45.49","46.06","194400","46.06","false"
"AGQ","2009-08-13","47.29","48.47","46.74","48.27","223200","48.27","false"
"AGQ","2009-08-12","43.70","45.80","43.69","45.57","181300","45.57","false"
"AGQ","2009-08-11","43.85","44.41","43.49","44.07","98700","44.07","false"
"AGQ","2009-08-10","44.71","45.27","43.98","44.44","149800","44.44","false"
"AGQ","2009-08-07","47.21","47.54","45.51","45.72","196200","45.72","false"
"AGQ","2009-08-06","48.00","48.27","44.72","45.77","361300","45.77","false"
"AGQ","2009-08-05","47.26","47.33","45.95","46.81","296700","46.81","false"
"AGQ","2009-08-04","44.81","46.90","44.31","45.79","277800","45.79","false"
"AGQ","2009-08-03","44.74","45.05","43.64","43.76","246800","43.76","false"
"AGQ","2009-07-31","39.28","42.20","39.15","42.00","217600","42.00","false"
"AGQ","2009-07-30","39.03","39.89","38.81","39.17","207700","39.17","false"
"AGQ","2009-07-29","39.93","40.11","37.54","38.22","322800","38.22","false"
"AGQ","2009-07-28","41.70","41.88","40.01","40.75","540600","40.75","false"
"AGQ","2009-07-27","42.89","43.00","42.19","42.65","220000","42.65","false"
"AGQ","2009-07-24","41.25","41.84","41.02","41.76","133900","41.76","false"
"AGQ","2009-07-23","40.45","41.72","40.38","40.96","216500","40.96","false"
"AGQ","2009-07-22","39.10","40.97","39.09","40.54","225200","40.54","false"
"AGQ","2009-07-21","40.61","40.61","39.34","39.85","322700","39.85","false"
"AGQ","2009-07-20","40.90","40.99","40.18","40.56","329600","40.56","false"
"AGQ","2009-07-17","39.14","39.57","38.94","39.03","229700","39.03","false"
"AGQ","2009-07-16","38.04","38.75","37.94","38.57","212300","38.57","false"
"AGQ","2009-07-15","38.45","38.60","37.99","38.35","305500","38.35","false"
"AGQ","2009-07-14","36.39","36.92","36.07","36.34","278100","36.34","false"
"AGQ","2009-07-13","34.27","35.97","33.86","35.93","275700","35.93","false"
"AGQ","2009-07-10","34.69","35.19","34.29","35.01","252900","35.01","false"
"AGQ","2009-07-09","36.00","36.88","35.72","36.13","261400","36.13","false"
"AGQ","2009-07-08","36.63","36.85","35.57","36.23","243600","36.23","false"
"AGQ","2009-07-07","37.98","38.41","37.49","37.57","168000","37.57","false"
"AGQ","2009-07-06","37.26","38.67","37.13","38.56","222800","38.56","false"
"AGQ","2009-07-02","39.53","39.61","39.07","39.20","266800","39.20","false"
"AGQ","2009-07-01","41.78","42.18","41.11","41.53","214800","41.53","false"
"AGQ","2009-06-30","42.71","42.90","39.81","40.49","283700","40.49","false"
"AGQ","2009-06-29","43.08","43.09","42.22","42.30","152900","42.30","false"
"AGQ","2009-06-26","44.61","44.74","43.67","43.85","220500","43.85","false"
"AGQ","2009-06-25","43.21","43.53","42.89","43.35","118500","43.35","false"
"AGQ","2009-06-24","43.33","43.85","41.91","42.50","262300","42.50","false"
"AGQ","2009-06-23","42.29","42.52","40.97","42.12","180000","42.12","false"
"AGQ","2009-06-22","42.05","42.58","41.27","41.51","250100","41.51","false"
"AGQ","2009-06-19","45.05","45.59","44.14","44.56","197200","44.56","false"
"AGQ","2009-06-18","44.73","45.28","44.20","44.51","148500","44.51","false"
"AGQ","2009-06-17","44.26","45.53","43.50","45.47","203200","45.47","false"
"AGQ","2009-06-16","44.65","45.18","43.83","44.55","204200","44.55","false"
"AGQ","2009-06-15","45.92","45.95","43.54","43.76","386600","43.76","false"
"AGQ","2009-06-12","49.18","50.30","48.45","48.83","293900","48.83","false"
"AGQ","2009-06-11","50.25","53.48","50.25","52.22","237100","52.22","false"
"AGQ","2009-06-10","52.60","52.64","50.09","51.29","235100","51.29","false"
"AGQ","2009-06-09","51.64","51.81","50.44","51.63","202800","51.63","false"
"AGQ","2009-06-08","49.83","50.03","48.20","49.78","377000","49.78","false"
"AGQ","2009-06-05","51.65","53.85","51.19","51.59","541800","51.59","false"
"AGQ","2009-06-04","52.91","56.58","52.91","55.97","429000","55.97","false"
"AGQ","2009-06-03","55.99","56.36","51.85","52.50","655900","52.50","false"
"AGQ","2009-06-02","55.37","57.32","55.27","57.05","351400","57.05","false"
"AGQ","2009-06-01","56.04","56.30","53.90","54.36","372700","54.36","false"
"AGQ","2009-05-29","53.53","55.13","52.96","55.10","368100","55.10","false"
"AGQ","2009-05-28","51.52","52.24","50.83","51.33","216300","51.33","false"
"AGQ","2009-05-27","47.95","50.50","47.70","49.17","228900","49.17","false"
"AGQ","2009-05-26","46.84","48.32","46.63","47.83","182700","47.83","false"
"AGQ","2009-05-22","49.08","49.10","48.08","48.62","235500","48.62","false"
"AGQ","2009-05-21","45.37","47.70","44.71","47.62","306400","47.62","false"
"AGQ","2009-05-20","45.87","46.62","45.60","46.09","232100","46.09","false"
"AGQ","2009-05-19","44.03","46.05","43.84","45.48","229000","45.48","false"
"AGQ","2009-05-18","43.69","43.75","41.93","43.14","242500","43.14","false"
"AGQ","2009-05-15","43.52","45.43","43.49","44.25","252300","44.25","false"
"AGQ","2009-05-14","43.85","44.82","43.33","44.45","210000","44.45","false"
"AGQ","2009-05-13","43.78","45.46","43.58","44.25","257300","44.25","false"
"AGQ","2009-05-12","45.67","45.90","44.87","45.70","319400","45.70","false"
"AGQ","2009-05-11","43.23","44.20","43.14","44.05","152900","44.05","false"
"AGQ","2009-05-08","43.95","44.28","43.01","44.24","230300","44.24","false"
"AGQ","2009-05-07","43.99","44.84","42.21","43.27","372700","43.27","false"
"AGQ","2009-05-06","42.57","43.25","42.25","42.53","260000","42.53","false"
"AGQ","2009-05-05","41.27","41.57","39.74","40.38","348500","40.38","false"
"AGQ","2009-05-04","36.10","39.26","36.10","38.45","274100","38.45","false"
"AGQ","2009-05-01","34.48","36.18","34.27","35.31","128000","35.31","false"
"AGQ","2009-04-30","34.75","35.53","33.92","34.72","264200","34.72","false"
"AGQ","2009-04-29","36.42","37.57","36.18","37.05","196100","37.05","false"
"AGQ","2009-04-28","35.47","35.71","35.00","35.45","132100","35.45","false"
"AGQ","2009-04-27","38.93","39.10","37.52","37.81","162900","37.81","false"
"AGQ","2009-04-24","38.06","38.41","37.36","38.04","180900","38.04","false"
"AGQ","2009-04-23","35.02","38.00","34.85","37.20","261100","37.20","false"
"AGQ","2009-04-22","33.87","34.99","33.74","34.66","188400","34.66","false"
"AGQ","2009-04-21","34.02","34.10","32.46","33.09","130700","33.09","false"
"AGQ","2009-04-20","33.39","34.11","33.30","33.40","125500","33.40","false"
"AGQ","2009-04-17","33.19","33.30","32.01","32.20","213400","32.20","false"
"AGQ","2009-04-16","36.69","36.74","34.00","34.42","338900","34.42","false"
"AGQ","2009-04-15","37.70","38.00","37.19","37.24","94300","37.24","false"
"AGQ","2009-04-14","37.42","37.82","36.43","37.43","129500","37.43","false"
"AGQ","2009-04-13","37.70","38.07","37.19","37.34","146100","37.34","false"
"AGQ","2009-04-09","34.56","35.63","34.32","35.02","133300","35.02","false"
"AGQ","2009-04-08","35.60","35.73","34.35","34.81","179800","34.81","false"
"AGQ","2009-04-07","34.31","35.35","34.10","34.75","110300","34.75","false"
"AGQ","2009-04-06","35.17","35.34","33.89","33.90","331300","33.90","false"
"AGQ","2009-04-03","38.43","38.66","37.47","37.90","135200","37.90","false"
"AGQ","2009-04-02","37.35","40.06","36.80","38.96","312000","38.96","false"
"AGQ","2009-04-01","39.88","40.01","38.53","39.26","88700","39.26","false"
"AGQ","2009-03-31","40.39","40.39","36.80","38.99","367000","38.99","false"
"AGQ","2009-03-30","39.75","41.34","39.25","39.43","195100","39.43","false"
"AGQ","2009-03-27","41.08","41.66","40.92","41.34","86000","41.34","false"
"AGQ","2009-03-26","43.49","44.05","42.58","42.58","111000","42.58","false"
"AGQ","2009-03-25","40.99","43.15","40.16","42.50","275400","42.50","false"
"AGQ","2009-03-24","42.22","42.47","41.09","42.30","225300","42.30","false"
"AGQ","2009-03-23","44.32","45.20","43.35","43.49","360800","43.49","false"
"AGQ","2009-03-20","42.89","44.92","42.65","44.30","214300","44.30","false"
"AGQ","2009-03-19","41.50","43.77","41.39","43.37","345100","43.37","false"
"AGQ","2009-03-18","36.94","39.74","33.12","39.35","515400","39.35","false"
"AGQ","2009-03-17","39.02","39.14","37.56","38.08","96000","38.08","false"
"AGQ","2009-03-16","39.47","39.47","38.47","39.35","142400","39.35","false"
"AGQ","2009-03-13","40.93","41.20","39.83","40.92","149500","40.92","false"
"AGQ","2009-03-12","38.66","40.13","38.66","39.59","193600","39.59","false"
"AGQ","2009-03-11","37.75","39.00","37.24","38.21","142200","38.21","false"
"AGQ","2009-03-10","38.18","38.41","36.50","37.31","185100","37.31","false"
"AGQ","2009-03-09","44.33","44.36","38.47","39.51","578000","39.51","false"
"AGQ","2009-03-06","41.90","42.65","41.49","41.92","185200","41.92","false"
"AGQ","2009-03-05","40.31","41.86","39.37","41.69","256400","41.69","false"
"AGQ","2009-03-04","40.43","40.54","38.76","39.55","211800","39.55","false"
"AGQ","2009-03-03","38.46","39.04","36.55","39.04","296300","39.04","false"
"AGQ","2009-03-02","41.09","41.22","38.15","39.80","276300","39.80","false"
"AGQ","2009-02-27","41.74","42.25","39.00","40.77","260500","40.77","false"
"AGQ","2009-02-26","42.93","42.93","39.64","40.83","291400","40.83","false"
"AGQ","2009-02-25","45.69","47.38","43.81","44.08","246500","44.08","false"
"AGQ","2009-02-24","49.92","50.13","44.48","45.47","328300","45.47","false"
"AGQ","2009-02-23","48.17","50.85","47.23","49.97","129400","49.97","false"
"AGQ","2009-02-20","49.96","50.70","49.12","49.56","165100","49.56","false"
"AGQ","2009-02-19","47.53","47.97","45.90","46.90","152500","46.90","false"
"AGQ","2009-02-18","47.83","49.39","47.32","48.98","171000","48.98","false"
"AGQ","2009-02-17","47.01","48.08","46.55","47.36","186600","47.36","false"
"AGQ","2009-02-13","42.76","44.85","42.25","44.82","60700","44.82","false"
"AGQ","2009-02-12","43.46","44.10","42.81","43.79","67500","43.79","false"
"AGQ","2009-02-11","42.47","46.44","42.11","43.50","102500","43.50","false"
"AGQ","2009-02-10","40.90","41.94","40.90","41.27","92500","41.27","false"
"AGQ","2009-02-09","40.70","40.71","39.37","39.67","55600","39.67","false"
"AGQ","2009-02-06","40.28","41.55","40.04","41.15","123200","41.15","false"
"AGQ","2009-02-05","39.65","40.14","38.59","39.82","107900","39.82","false"
"AGQ","2009-02-04","37.36","38.03","37.18","37.63","46100","37.63","false"
"AGQ","2009-02-03","36.21","37.20","35.52","37.20","111200","37.20","false"
"AGQ","2009-02-02","37.12","38.01","36.82","36.89","64400","36.89","false"
"AGQ","2009-01-30","37.60","38.61","36.47","38.58","75200","38.58","false"
"AGQ","2009-01-29","34.02","37.00","33.63","37.00","153800","37.00","false"
"AGQ","2009-01-28","34.86","35.54","34.01","34.59","48000","34.59","false"
"AGQ","2009-01-27","34.94","35.91","34.47","34.55","36800","34.55","false"
"AGQ","2009-01-26","35.22","36.40","35.01","35.11","91100","35.11","false"
"AGQ","2009-01-23","32.40","35.20","30.70","34.49","93700","34.49","false"
"AGQ","2009-01-22","31.47","31.99","30.96","31.70","38400","31.70","false"
"AGQ","2009-01-21","31.50","31.50","29.50","30.96","55800","30.96","false"
"AGQ","2009-01-20","30.89","31.43","29.88","30.03","30700","30.03","false"
"AGQ","2009-01-16","29.67","30.88","29.14","30.67","69500","30.67","false"
"AGQ","2009-01-15","26.77","27.66","25.85","27.40","55800","27.40","false"
"AGQ","2009-01-14","26.94","27.28","26.00","26.85","25400","26.85","false"
"AGQ","2009-01-13","26.85","28.39","26.85","28.16","39900","28.16","false"
"AGQ","2009-01-12","29.17","30.03","26.39","27.67","62700","27.67","false"
"AGQ","2009-01-09","29.86","32.70","29.66","30.75","232900","30.75","false"
"AGQ","2009-01-08","30.70","30.76","29.82","30.33","31100","30.33","false"
"AGQ","2009-01-07","31.19","31.20","29.17","29.76","95900","29.76","false"
"AGQ","2009-01-06","30.81","32.76","30.33","32.30","123400","32.30","false"
"AGQ","2009-01-05","30.00","31.32","28.20","31.32","79100","31.32","false"
"AGQ","2009-01-02","30.98","32.85","30.79","32.77","44800","32.77","false"
"AGQ","2010-12-31","156.13","159.34","155.81","158.59","588900","158.59","false"
"AGQ","2010-12-30","156.87","157.63","153.07","154.27","656200","154.27","false"
"AGQ","2010-12-29","154.93","156.76","154.22","155.42","774700","155.42","false"
"AGQ","2010-12-28","147.76","153.27","147.07","152.30","823500","152.30","false"
"AGQ","2010-12-27","142.31","143.14","141.22","142.75","292100","142.75","false"
"AGQ","2010-12-23","140.91","144.10","139.47","142.83","532000","142.83","false"
"AGQ","2010-12-22","143.79","144.30","142.50","142.78","379300","142.78","false"
"AGQ","2010-12-21","142.36","144.41","140.66","143.52","645000","143.52","false"
"AGQ","2010-12-20","142.44","145.56","138.30","144.36","811800","144.36","false"
"AGQ","2010-12-17","139.87","143.13","137.40","142.07","838900","142.07","false"
"AGQ","2010-12-16","139.63","140.00","134.01","139.72","1185000","139.72","false"
"AGQ","2010-12-15","141.38","145.05","137.72","138.37","1259100","138.37","false"
"AGQ","2010-12-14","144.23","148.94","143.02","145.41","1262300","145.41","false"
"AGQ","2010-12-13","145.84","147.75","143.87","146.31","1066900","146.31","false"
"AGQ","2010-12-10","135.70","138.65","131.54","137.58","965900","137.58","false"
"AGQ","2010-12-09","138.55","140.99","136.00","137.53","1077800","137.53","false"
"AGQ","2010-12-08","141.01","142.32","131.14","134.91","2327400","134.91","false"
"AGQ","2010-12-07","157.92","158.23","137.14","138.04","2754200","138.04","false"
"AGQ","2010-12-06","148.16","154.60","147.00","153.40","1506800","153.40","false"
"AGQ","2010-12-03","141.86","146.00","141.15","144.57","1292000","144.57","false"
"AGQ","2010-12-02","136.88","142.24","136.33","137.97","1338300","137.97","false"
"AGQ","2010-12-01","136.43","138.71","133.48","136.84","1146600","136.84","false"
"AGQ","2010-11-30","128.64","135.77","127.67","133.31","1458300","133.31","false"
"AGQ","2010-11-29","122.47","125.99","119.16","125.00","1059800","125.00","false"
"AGQ","2010-11-26","120.38","122.97","119.50","121.00","866400","121.00","false"
"AGQ","2010-11-24","127.22","129.61","124.99","128.86","724100","128.86","false"
"AGQ","2010-11-23","129.32","130.75","125.53","128.06","1442400","128.06","false"
"AGQ","2010-11-22","126.04","131.53","124.79","131.32","1294000","131.32","false"
"AGQ","2010-11-19","120.34","127.50","118.05","127.00","1399900","127.00","false"
"AGQ","2010-11-18","118.96","124.42","118.12","123.36","1185100","123.36","false"
"AGQ","2010-11-17","111.29","114.58","110.37","111.43","1285800","111.43","false"
"AGQ","2010-11-16","110.63","111.95","106.61","110.81","2615300","110.81","false"
"AGQ","2010-11-15","116.64","119.61","110.91","111.02","1505000","111.02","false"
"AGQ","2010-11-12","126.05","127.40","113.56","116.32","2119800","116.32","false"
"AGQ","2010-11-11","129.08","131.85","123.86","131.45","1295200","131.45","false"
"AGQ","2010-11-10","131.37","131.71","120.05","128.03","3267400","128.03","false"
"AGQ","2010-11-09","138.45","147.55","119.00","122.61","4780300","122.61","false"
"AGQ","2010-11-08","123.53","132.37","122.00","132.37","1228300","132.37","false"
"AGQ","2010-11-05","117.71","124.94","117.43","123.64","1049500","123.64","false"
"AGQ","2010-11-04","112.45","118.92","111.71","118.49","1134300","118.49","false"
"AGQ","2010-11-03","106.27","107.04","98.77","106.11","1375400","106.11","false"
"AGQ","2010-11-02","106.57","107.13","105.06","106.54","470300","106.54","false"
"AGQ","2010-11-01","107.12","107.65","103.79","104.74","813900","104.74","false"
"AGQ","2010-10-29","100.50","105.59","99.87","105.59","804300","105.59","false"
"AGQ","2010-10-28","97.81","99.93","96.22","99.36","539500","99.36","false"
"AGQ","2010-10-27","97.03","97.11","94.44","96.32","632500","96.32","false"
"AGQ","2010-10-26","93.80","99.27","93.23","98.21","571300","98.21","false"
"AGQ","2010-10-25","97.67","98.25","94.92","96.43","734400","96.43","false"
"AGQ","2010-10-22","93.20","93.82","92.19","93.82","384000","93.82","false"
"AGQ","2010-10-21","98.62","100.11","92.00","92.71","1312700","92.71","false"
"AGQ","2010-10-20","96.33","99.76","96.12","98.69","608700","98.69","false"
"AGQ","2010-10-19","96.92","100.00","93.95","94.64","1140200","94.64","false"
"AGQ","2010-10-18","101.00","104.36","100.45","104.25","467100","104.25","false"
"AGQ","2010-10-15","104.81","104.85","100.76","102.38","790200","102.38","false"
"AGQ","2010-10-14","101.15","105.20","100.99","105.00","820800","105.00","false"
"AGQ","2010-10-13","96.63","100.47","96.23","100.30","608400","100.30","false"
"AGQ","2010-10-12","94.24","96.13","92.36","94.96","707800","94.96","false"
"AGQ","2010-10-11","93.50","95.25","92.68","94.57","570300","94.57","false"
"AGQ","2010-10-08","90.54","94.82","90.10","94.13","748000","94.13","false"
"AGQ","2010-10-07","95.68","95.73","88.32","88.65","1240700","88.65","false"
"AGQ","2010-10-06","91.85","94.20","91.51","94.20","534800","94.20","false"
"AGQ","2010-10-05","87.53","92.00","87.20","91.36","634800","91.36","false"
"AGQ","2010-10-04","85.47","85.78","84.11","84.98","284200","84.98","false"
"AGQ","2010-10-01","85.04","86.14","84.76","85.82","443600","85.82","false"
"AGQ","2010-09-30","84.75","85.28","81.58","83.26","596900","83.26","false"
"AGQ","2010-09-29","83.68","84.97","83.00","83.97","425900","83.97","false"
"AGQ","2010-09-28","79.73","83.24","78.98","83.21","463700","83.21","false"
"AGQ","2010-09-27","81.36","81.47","80.23","80.98","305900","80.98","false"
"AGQ","2010-09-24","80.50","81.05","79.86","81.05","468100","81.05","false"
"AGQ","2010-09-23","77.84","79.52","76.96","78.61","311100","78.61","false"
"AGQ","2010-09-22","78.65","78.92","77.23","78.89","490100","78.89","false"
"AGQ","2010-09-21","75.38","78.30","74.02","78.01","693300","78.01","false"
"AGQ","2010-09-20","76.65","77.41","75.60","75.77","493200","75.77","false"
"AGQ","2010-09-17","76.39","76.75","74.85","75.77","474100","75.77","false"
"AGQ","2010-09-16","75.49","76.43","75.07","76.30","420900","76.30","false"
"AGQ","2010-09-15","73.78","75.05","73.57","74.90","446200","74.90","false"
"AGQ","2010-09-14","72.28","74.32","72.25","74.15","377800","74.15","false"
"AGQ","2010-09-13","70.60","72.30","69.92","70.48","493300","70.48","false"
"AGQ","2010-09-10","69.62","70.83","69.08","69.60","223100","69.60","false"
"AGQ","2010-09-09","70.21","71.00","68.73","68.79","306400","68.79","false"
"AGQ","2010-09-08","70.10","71.00","69.74","70.11","295000","70.11","false"
"AGQ","2010-09-07","70.39","70.46","68.80","69.19","409800","69.19","false"
"AGQ","2010-09-03","67.83","70.30","67.34","69.58","453500","69.58","false"
"AGQ","2010-09-02","68.12","68.62","67.31","68.48","505000","68.48","false"
"AGQ","2010-09-01","66.42","66.49","65.82","66.40","272300","66.40","false"
"AGQ","2010-08-31","65.53","66.71","65.29","66.20","377400","66.20","false"
"AGQ","2010-08-30","64.60","65.00","64.01","64.08","237600","64.08","false"
"AGQ","2010-08-27","64.90","66.28","63.64","64.61","516400","64.61","false"
"AGQ","2010-08-26","64.57","65.06","63.43","63.92","382100","63.92","false"
"AGQ","2010-08-25","62.33","64.35","61.97","63.59","690800","63.59","false"
"AGQ","2010-08-24","56.79","60.60","56.71","59.94","685200","59.94","false"
"AGQ","2010-08-23","57.38","57.97","57.00","57.63","141700","57.63","false"
"AGQ","2010-08-20","58.27","58.32","56.70","57.55","369400","57.55","false"
"AGQ","2010-08-19","61.10","61.39","59.23","59.75","229900","59.75","false"
"AGQ","2010-08-18","58.88","60.80","58.77","60.33","340700","60.33","false"
"AGQ","2010-08-17","60.90","61.66","60.63","61.02","170900","61.02","false"
"AGQ","2010-08-16","60.46","60.61","59.96","60.33","238900","60.33","false"
"AGQ","2010-08-13","58.16","58.65","57.53","58.51","123100","58.51","false"
"AGQ","2010-08-12","57.67","58.43","57.54","58.24","188600","58.24","false"
"AGQ","2010-08-11","58.42","58.74","56.55","57.04","340300","57.04","false"
"AGQ","2010-08-10","58.13","60.80","57.80","60.07","302700","60.07","false"
"AGQ","2010-08-09","60.55","60.58","59.27","59.89","111900","59.89","false"
"AGQ","2010-08-06","61.03","61.64","60.58","60.85","121300","60.85","false"
"AGQ","2010-08-05","60.41","60.45","59.10","60.12","141800","60.12","false"
"AGQ","2010-08-04","62.06","62.42","59.36","59.88","317100","59.88","false"
"AGQ","2010-08-03","60.76","61.81","60.38","60.48","249000","60.48","false"
"AGQ","2010-08-02","60.54","61.68","60.05","60.25","382100","60.25","false"
"AGQ","2010-07-30","57.08","58.74","56.50","57.74","353100","57.74","false"
"AGQ","2010-07-29","55.31","56.09","55.00","55.55","170800","55.55","false"
"AGQ","2010-07-28","54.70","55.46","54.45","55.06","302700","55.06","false"
"AGQ","2010-07-27","58.04","58.04","55.44","55.98","399200","55.98","false"
"AGQ","2010-07-26","59.36","59.47","58.36","59.14","122200","59.14","false"
"AGQ","2010-07-23","59.31","59.67","58.49","58.69","124800","58.69","false"
"AGQ","2010-07-22","56.85","59.36","56.85","58.76","396100","58.76","false"
"AGQ","2010-07-21","57.20","57.49","55.48","55.99","275000","55.99","false"
"AGQ","2010-07-20","55.55","56.80","55.32","56.40","167700","56.40","false"
"AGQ","2010-07-19","56.10","56.70","54.83","55.87","377100","55.87","false"
"AGQ","2010-07-16","57.82","57.82","56.50","57.35","465700","57.35","false"
"AGQ","2010-07-15","61.10","61.16","59.45","60.26","328100","60.26","false"
"AGQ","2010-07-14","59.72","61.45","59.15","60.57","262600","60.57","false"
"AGQ","2010-07-13","60.00","60.47","59.62","59.70","286900","59.70","false"
"AGQ","2010-07-12","58.43","58.84","56.86","58.13","203600","58.13","false"
"AGQ","2010-07-09","58.69","59.73","58.55","59.13","202900","59.13","false"
"AGQ","2010-07-08","58.77","58.86","56.53","58.22","327200","58.22","false"
"AGQ","2010-07-07","56.96","58.95","56.78","58.60","539900","58.60","false"
"AGQ","2010-07-06","57.60","58.59","55.99","57.22","332300","57.22","false"
"AGQ","2010-07-02","57.96","57.96","56.10","57.44","298200","57.44","false"
"AGQ","2010-07-01","61.51","61.61","56.69","57.23","941100","57.23","false"
"AGQ","2010-06-30","62.06","63.26","61.84","62.67","296200","62.67","false"
"AGQ","2010-06-29","62.98","63.24","61.21","62.01","592200","62.01","false"
"AGQ","2010-06-28","66.25","67.08","62.95","63.82","502900","63.82","false"
"AGQ","2010-06-25","64.82","66.39","64.26","65.85","625300","65.85","false"
"AGQ","2010-06-24","61.32","64.19","61.16","62.99","333600","62.99","false"
"AGQ","2010-06-23","63.26","63.26","60.91","62.44","535600","62.44","false"
"AGQ","2010-06-22","64.97","65.40","63.80","64.22","254300","64.22","false"
"AGQ","2010-06-21","67.79","67.97","63.28","63.59","870600","63.59","false"
"AGQ","2010-06-18","66.35","67.55","66.03","66.79","406600","66.79","false"
"AGQ","2010-06-17","64.59","64.86","63.63","63.85","215600","63.85","false"
"AGQ","2010-06-16","62.63","62.77","61.64","62.05","149900","62.05","false"
"AGQ","2010-06-15","61.74","63.58","61.23","62.95","214700","62.95","false"
"AGQ","2010-06-14","62.08","62.85","60.62","60.70","199800","60.70","false"
"AGQ","2010-06-11","61.28","61.40","59.59","60.51","181400","60.51","false"
"AGQ","2010-06-10","59.07","62.01","59.00","60.64","286100","60.64","false"
"AGQ","2010-06-09","61.11","61.59","59.80","59.92","254600","59.92","false"
"AGQ","2010-06-08","61.56","62.39","60.76","61.02","337900","61.02","false"
"AGQ","2010-06-07","54.99","61.13","54.93","60.52","794800","60.52","false"
"AGQ","2010-06-04","57.00","57.25","54.85","55.56","635200","55.56","false"
"AGQ","2010-06-03","61.69","61.84","58.30","59.42","322100","59.42","false"
"AGQ","2010-06-02","60.99","61.87","60.05","61.82","245200","61.82","false"
"AGQ","2010-06-01","63.12","64.33","62.12","62.12","236100","62.12","false"
"AGQ","2010-05-28","62.32","62.47","61.15","62.09","256400","62.09","false"
"AGQ","2010-05-27","61.28","63.37","61.08","62.81","255700","62.81","false"
"AGQ","2010-05-26","61.03","62.27","60.25","60.29","328700","60.29","false"
"AGQ","2010-05-25","57.30","58.96","56.55","58.91","458200","58.91","false"
"AGQ","2010-05-24","58.72","60.11","58.10","59.28","690800","59.28","false"
"AGQ","2010-05-21","56.60","58.79","55.84","57.34","584000","57.34","false"
"AGQ","2010-05-20","57.67","59.40","56.50","57.86","665000","57.86","false"
"AGQ","2010-05-19","63.85","64.18","59.21","61.20","923700","61.20","false"
"AGQ","2010-05-18","65.96","67.61","65.33","66.35","427400","66.35","false"
"AGQ","2010-05-17","69.16","69.33","64.80","65.91","587200","65.91","false"
"AGQ","2010-05-14","71.28","71.30","66.38","68.94","707500","68.94","false"
"AGQ","2010-05-13","71.20","72.71","69.16","69.54","573000","69.54","false"
"AGQ","2010-05-12","70.60","71.93","70.36","70.53","605800","70.53","false"
"AGQ","2010-05-11","67.47","69.74","67.29","69.21","828200","69.21","false"
"AGQ","2010-05-10","64.22","64.71","63.05","63.52","370900","63.52","false"
"AGQ","2010-05-07","58.46","64.66","56.82","62.83","1026600","62.83","false"
"AGQ","2010-05-06","57.18","58.30","55.23","58.20","849100","58.20","false"
"AGQ","2010-05-05","55.32","57.88","54.30","56.68","1051600","56.68","false"
"AGQ","2010-05-04","64.66","64.73","59.17","60.05","953900","60.05","false"
"AGQ","2010-05-03","66.17","66.61","64.97","66.05","290600","66.05","false"
"AGQ","2010-04-30","65.65","65.94","64.72","64.95","323700","64.95","false"
"AGQ","2010-04-29","61.49","64.63","61.47","64.12","347500","64.12","false"
"AGQ","2010-04-28","60.71","62.42","59.61","61.50","372500","61.50","false"
"AGQ","2010-04-27","61.90","63.59","61.28","62.23","384800","62.23","false"
"AGQ","2010-04-26","62.75","63.58","62.52","62.81","199900","62.81","false"
"AGQ","2010-04-23","60.24","62.62","59.84","62.60","287300","62.60","false"
"AGQ","2010-04-22","60.50","61.11","59.38","60.90","280000","60.90","false"
"AGQ","2010-04-21","60.36","61.77","59.88","61.63","229800","61.63","false"
"AGQ","2010-04-20","60.46","61.16","59.70","59.73","404400","59.73","false"
"AGQ","2010-04-19","58.56","59.43","58.23","59.16","253600","59.16","false"
"AGQ","2010-04-16","62.68","63.34","58.41","59.39","902700","59.39","false"
"AGQ","2010-04-15","63.51","64.76","63.38","64.01","241200","64.01","false"
"AGQ","2010-04-14","64.11","64.48","63.54","63.97","189400","63.97","false"
"AGQ","2010-04-13","63.14","63.25","60.83","62.60","250900","62.60","false"
"AGQ","2010-04-12","64.04","64.63","62.18","62.30","336300","62.30","false"
"AGQ","2010-04-09","63.14","64.22","63.14","63.76","492000","63.76","false"
"AGQ","2010-04-08","61.30","62.14","61.05","61.72","285400","61.72","false"
"AGQ","2010-04-07","61.95","63.02","61.88","62.22","533700","62.22","false"
"AGQ","2010-04-06","61.54","61.89","60.71","61.05","347800","61.05","false"
"AGQ","2010-04-05","61.12","62.21","60.79","61.96","290400","61.96","false"
"AGQ","2010-04-01","60.85","61.25","60.13","60.63","395200","60.63","false"
"AGQ","2010-03-31","58.43","58.91","57.55","57.77","515800","57.77","false"
"AGQ","2010-03-30","57.07","57.24","56.21","56.71","311500","56.71","false"
"AGQ","2010-03-29","56.49","57.56","56.25","57.14","336000","57.14","false"
"AGQ","2010-03-26","53.54","54.66","52.78","54.36","419800","54.36","false"
"AGQ","2010-03-25","53.29","53.67","52.15","52.39","391300","52.39","false"
"AGQ","2010-03-24","52.80","53.30","52.18","52.40","621900","52.40","false"
"AGQ","2010-03-23","53.89","55.68","53.39","55.09","496100","55.09","false"
"AGQ","2010-03-22","52.65","54.61","52.40","54.28","518600","54.28","false"
"AGQ","2010-03-19","57.27","57.44","54.70","54.76","853000","54.76","false"
"AGQ","2010-03-18","57.94","58.53","57.04","57.74","475100","57.74","false"
"AGQ","2010-03-17","57.57","58.51","57.46","57.79","310000","57.79","false"
"AGQ","2010-03-16","57.78","58.17","57.03","57.59","484100","57.59","false"
"AGQ","2010-03-15","55.27","56.01","55.01","55.35","501800","55.35","false"
"AGQ","2010-03-12","56.25","56.63","54.81","55.67","409800","55.67","false"
"AGQ","2010-03-11","54.94","56.25","54.40","56.02","285400","56.02","false"
"AGQ","2010-03-10","57.55","59.49","54.66","55.00","768100","55.00","false"
"AGQ","2010-03-09","55.38","57.86","55.26","57.03","365400","57.03","false"
"AGQ","2010-03-08","58.53","58.58","55.94","56.66","365900","56.66","false"
"AGQ","2010-03-05","57.08","58.55","56.86","57.44","483900","57.44","false"
"AGQ","2010-03-04","57.06","57.25","55.70","56.03","591600","56.03","false"
"AGQ","2010-03-03","56.60","57.68","56.27","56.45","928200","56.45","false"
"AGQ","2010-03-02","53.00","55.94","52.98","54.66","910900","54.66","false"
"AGQ","2010-03-01","52.44","52.93","51.67","51.67","781000","51.67","false"
"AGQ","2010-02-26","50.37","52.39","49.92","51.86","686800","51.86","false"
"AGQ","2010-02-25","47.14","50.16","47.03","49.71","520400","49.71","false"
"AGQ","2010-02-24","48.13","49.15","48.11","48.62","340400","48.62","false"
"AGQ","2010-02-23","49.22","49.38","47.88","48.19","431900","48.19","false"
"AGQ","2010-02-22","51.45","51.69","50.10","50.42","545300","50.42","false"
"AGQ","2010-02-19","50.16","52.44","49.24","51.10","575500","51.10","false"
"AGQ","2010-02-18","50.54","50.96","49.06","50.48","447700","50.48","false"
"AGQ","2010-02-17","50.56","51.12","48.62","49.44","697700","49.44","false"
"AGQ","2010-02-16","48.39","50.69","48.07","50.12","793600","50.12","false"
"AGQ","2010-02-12","45.50","46.66","44.73","46.55","471100","46.55","false"
"AGQ","2010-02-11","45.19","47.75","44.60","47.30","965700","47.30","false"
"AGQ","2010-02-10","45.65","45.75","43.96","44.97","632400","44.97","false"
"AGQ","2010-02-09","45.16","47.02","44.47","46.13","719800","46.13","false"
"AGQ","2010-02-08","44.14","45.09","43.40","43.70","505700","43.70","false"
"AGQ","2010-02-05","44.38","44.88","41.55","44.78","1588400","44.78","false"
"AGQ","2010-02-04","50.25","50.27","45.48","45.56","1468200","45.56","false"
"AGQ","2010-02-03","53.31","53.87","51.57","52.24","568700","52.24","false"
"AGQ","2010-02-02","54.93","54.96","53.66","54.20","713900","54.20","false"
"AGQ","2010-02-01","52.03","54.35","51.59","54.28","676300","54.28","false"
"AGQ","2010-01-29","51.10","51.91","50.13","51.32","496800","51.32","false"
"AGQ","2010-01-28","54.37","54.47","50.06","51.43","604900","51.43","false"
"AGQ","2010-01-27","54.37","54.69","52.75","53.70","473800","53.70","false"
"AGQ","2010-01-26","53.00","55.98","52.90","54.79","732500","54.79","false"
"AGQ","2010-01-25","57.00","57.73","56.44","57.46","486500","57.46","false"
"AGQ","2010-01-22","57.50","57.78","55.67","57.15","833800","57.15","false"
"AGQ","2010-01-21","62.15","62.99","58.90","59.34","735700","59.34","false"
"AGQ","2010-01-20","65.71","65.88","62.09","62.96","977600","62.96","false"
"AGQ","2010-01-19","67.53","69.41","67.42","69.38","421500","69.38","false"
"AGQ","2010-01-15","67.54","67.54","66.45","66.64","269400","66.64","false"
"AGQ","2010-01-14","67.81","68.90","66.85","68.51","292300","68.51","false"
"AGQ","2010-01-13","66.50","68.12","65.09","68.06","363200","68.06","false"
"AGQ","2010-01-12","67.21","68.09","64.73","65.31","438600","65.31","false"
"AGQ","2010-01-11","69.37","69.59","67.70","67.79","363100","67.79","false"
"AGQ","2010-01-08","67.18","67.45","65.87","67.32","286500","67.32","false"
"AGQ","2010-01-07","65.26","66.47","64.82","65.43","378800","65.43","false"
"AGQ","2010-01-06","63.89","65.52","63.61","65.24","419400","65.24","false"
"AGQ","2010-01-05","60.89","63.00","60.52","62.66","379300","62.66","false"
"AGQ","2010-01-04","59.64","60.91","59.39","60.73","372300","60.73","false"
"AGQ","2011-06-24","166.59","167.71","160.09","160.58","1584700","160.58","false"
"AGQ","2011-06-23","174.55","174.65","165.00","170.89","2482000","170.89","false"
"AGQ","2011-06-22","182.92","185.79","181.13","182.14","1241100","182.14","false"
"AGQ","2011-06-21","179.25","183.85","178.85","182.40","1110300","182.40","false"
"AGQ","2011-06-20","176.58","179.46","174.44","178.07","874900","178.07","false"
"AGQ","2011-06-17","172.04","177.39","172.04","176.70","1032300","176.70","false"
"AGQ","2011-06-16","173.28","176.19","170.06","173.60","915000","173.60","false"
"AGQ","2011-06-15","171.02","177.96","169.45","176.07","1623700","176.07","false"
"AGQ","2011-06-14","165.13","174.38","165.00","173.89","1732700","173.89","false"
"AGQ","2011-06-13","174.11","176.00","164.40","166.02","2108100","166.02","false"
"AGQ","2011-06-10","185.84","187.87","179.69","180.29","2181700","180.29","false"
"AGQ","2011-06-09","191.82","195.66","190.01","195.39","1408000","195.39","false"
"AGQ","2011-06-08","184.05","188.58","182.74","188.54","1318700","188.54","false"
"AGQ","2011-06-07","193.02","193.18","184.00","189.95","1670400","189.95","false"
"AGQ","2011-06-06","190.68","192.63","183.05","185.88","1519000","185.88","false"
"AGQ","2011-06-03","175.85","184.18","174.75","181.82","2377500","181.82","false"
"AGQ","2011-06-02","191.81","192.90","176.01","182.01","2871600","182.01","false"
"AGQ","2011-06-01","201.44","206.06","184.23","187.12","3009400","187.12","false"
"AGQ","2011-05-31","208.24","208.68","201.01","207.20","1903700","207.20","false"
"AGQ","2011-05-27","201.74","203.84","196.00","201.00","1960500","201.00","false"
"AGQ","2011-05-26","196.03","197.95","188.25","195.70","2383300","195.70","false"
"AGQ","2011-05-25","194.46","201.64","193.05","200.18","3243400","200.18","false"
"AGQ","2011-05-24","180.90","188.95","179.22","188.12","3158400","188.12","false"
"AGQ","2011-05-23","168.27","173.59","167.92","172.73","1684500","172.73","false"
"AGQ","2011-05-20","169.75","175.47","164.00","171.94","2929300","171.94","false"
"AGQ","2011-05-19","175.00","176.50","167.34","172.99","2597000","172.99","false"
"AGQ","2011-05-18","170.04","177.43","167.41","172.85","3368500","172.85","false"
"AGQ","2011-05-17","156.39","162.18","152.54","161.46","3457300","161.46","false"
"AGQ","2011-05-16","168.52","175.08","158.25","158.70","3273800","158.70","false"
"AGQ","2011-05-13","175.45","180.70","161.55","174.74","4168800","174.74","false"
"AGQ","2011-05-12","162.47","178.53","153.00","165.54","6200000","165.54","false"
"AGQ","2011-05-11","207.56","208.79","180.17","182.60","5637100","182.60","false"
"AGQ","2011-05-10","217.14","224.44","214.70","220.40","4063000","220.40","false"
"AGQ","2011-05-09","204.50","214.55","200.26","214.34","4664800","214.34","false"
"AGQ","2011-05-06","181.80","198.98","178.00","186.56","7899900","186.56","false"
"AGQ","2011-05-05","213.00","217.00","178.03","179.34","9248100","179.34","false"
"AGQ","2011-05-04","260.04","261.82","231.10","234.20","5577200","234.20","false"
"AGQ","2011-05-03","294.39","301.27","251.56","264.97","5849500","264.97","false"
"AGQ","2011-05-02","316.30","349.21","290.80","296.50","5115700","296.50","false"
"AGQ","2011-04-29","370.34","376.38","354.04","358.96","3500000","358.96","false"
"AGQ","2011-04-28","366.22","382.08","347.52","365.26","6198900","365.26","false"
"AGQ","2011-04-27","330.14","363.92","315.00","361.75","4318400","361.75","false"
"AGQ","2011-04-26","328.13","328.49","311.80","318.44","3643900","318.44","false"
"AGQ","2011-04-25","362.62","362.64","326.27","344.75","6866700","344.75","false"
"AGQ","2011-04-21","328.92","341.50","323.67","340.96","3234300","340.96","false"
"AGQ","2011-04-20","313.77","323.26","306.58","320.56","3532500","320.56","false"
"AGQ","2011-04-19","294.37","306.42","289.64","305.12","1941600","305.12","false"
"AGQ","2011-04-18","292.61","298.07","279.63","296.51","2628700","296.51","false"
"AGQ","2011-04-15","282.79","289.17","279.42","289.07","2080400","289.07","false"
"AGQ","2011-04-14","264.12","278.64","263.00","278.64","1598700","278.64","false"
"AGQ","2011-04-13","258.47","261.70","253.09","258.98","1452900","258.98","false"
"AGQ","2011-04-12","259.75","260.38","248.01","252.93","1925800","252.93","false"
"AGQ","2011-04-11","268.09","269.40","248.73","254.30","2799900","254.30","false"
"AGQ","2011-04-08","256.15","263.74","253.50","263.16","1582800","263.16","false"
"AGQ","2011-04-07","246.25","248.95","244.48","248.75","806600","248.75","false"
"AGQ","2011-04-06","248.07","249.97","242.91","247.32","1602400","247.32","false"
"AGQ","2011-04-05","233.47","243.98","233.05","243.98","1161000","243.98","false"
"AGQ","2011-04-04","235.06","235.92","232.00","234.97","942200","234.97","false"
"AGQ","2011-04-01","220.56","226.98","217.64","225.80","1193000","225.80","false"
"AGQ","2011-03-31","226.84","228.35","222.38","225.09","851600","225.09","false"
"AGQ","2011-03-30","224.24","224.64","216.66","221.91","1162600","221.91","false"
"AGQ","2011-03-29","215.60","219.44","213.75","217.75","730400","217.75","false"
"AGQ","2011-03-28","213.05","219.85","212.74","218.00","840500","218.00","false"
"AGQ","2011-03-25","223.59","226.00","215.81","220.28","1361400","220.28","false"
"AGQ","2011-03-24","225.95","231.46","215.55","217.86","2182300","217.86","false"
"AGQ","2011-03-23","211.58","222.24","210.87","221.92","1236400","221.92","false"
"AGQ","2011-03-22","205.80","211.50","205.25","210.56","788400","210.56","false"
"AGQ","2011-03-21","204.64","208.75","203.08","207.75","1021900","207.75","false"
"AGQ","2011-03-18","194.46","198.11","193.82","196.27","709100","196.27","false"
"AGQ","2011-03-17","188.00","191.53","184.86","187.45","944600","187.45","false"
"AGQ","2011-03-16","190.61","196.21","182.44","185.75","1402500","185.75","false"
"AGQ","2011-03-15","183.91","193.30","174.18","189.26","1756500","189.26","false"
"AGQ","2011-03-14","207.57","211.02","203.91","206.20","912000","206.20","false"
"AGQ","2011-03-11","188.30","209.78","187.69","206.41","1836800","206.41","false"
"AGQ","2011-03-10","200.77","201.65","193.46","199.56","1478800","199.56","false"
"AGQ","2011-03-09","213.32","213.55","204.57","210.33","1064200","210.33","false"
"AGQ","2011-03-08","210.76","210.80","204.50","209.35","1101500","209.35","false"
"AGQ","2011-03-07","214.16","216.63","206.94","210.27","2639100","210.27","false"
"AGQ","2011-03-04","194.79","204.59","194.71","204.19","1588400","204.19","false"
"AGQ","2011-03-03","192.21","193.93","184.09","189.60","1681600","189.60","false"
"AGQ","2011-03-02","196.97","198.23","189.75","194.25","1636400","194.25","false"
"AGQ","2011-03-01","191.59","195.15","190.12","194.80","1153600","194.80","false"
"AGQ","2011-02-28","181.83","187.32","180.18","186.26","1929400","186.26","false"
"AGQ","2011-02-25","175.16","180.24","172.07","179.82","1246200","179.82","false"
"AGQ","2011-02-24","180.03","181.17","162.63","165.98","1875700","165.98","false"
"AGQ","2011-02-23","178.55","185.35","178.23","182.54","1520600","182.54","false"
"AGQ","2011-02-22","180.22","181.71","173.26","177.26","1532000","177.26","false"
"AGQ","2011-02-18","164.77","175.76","164.64","172.27","1638100","172.27","false"
"AGQ","2011-02-17","155.05","164.56","154.53","164.17","1124600","164.17","false"
"AGQ","2011-02-16","154.31","156.54","149.57","153.29","950700","153.29","false"
"AGQ","2011-02-15","154.48","155.74","152.55","153.96","996100","153.96","false"
"AGQ","2011-02-14","150.09","154.12","149.95","153.41","795200","153.41","false"
"AGQ","2011-02-11","148.05","149.28","144.02","146.11","906900","146.11","false"
"AGQ","2011-02-10","146.12","149.83","145.50","148.50","612600","148.50","false"
"AGQ","2011-02-09","151.10","151.94","147.68","149.13","867200","149.13","false"
"AGQ","2011-02-08","144.19","150.61","143.80","150.36","1276300","150.36","false"
"AGQ","2011-02-07","139.66","142.00","138.23","141.04","720200","141.04","false"
"AGQ","2011-02-04","137.45","140.47","135.29","138.20","957600","138.20","false"
"AGQ","2011-02-03","131.83","137.63","128.12","137.08","1017200","137.08","false"
"AGQ","2011-02-02","131.30","134.08","129.50","131.70","611500","131.70","false"
"AGQ","2011-02-01","131.59","134.38","127.07","133.41","1099600","133.41","false"
"AGQ","2011-01-31","126.60","132.47","126.49","128.76","1056700","128.76","false"
"AGQ","2011-01-28","117.49","128.98","117.22","127.99","1736400","127.99","false"
"AGQ","2011-01-27","125.11","126.42","117.66","118.84","1712000","118.84","false"
"AGQ","2011-01-26","117.99","124.38","116.85","124.38","1251000","124.38","false"
"AGQ","2011-01-25","118.59","119.55","116.77","118.36","1058400","118.36","false"
"AGQ","2011-01-24","121.74","124.72","118.50","119.49","899800","119.49","false"
"AGQ","2011-01-21","122.11","125.36","121.52","124.25","941300","124.25","false"
"AGQ","2011-01-20","128.11","128.24","123.80","124.62","1348600","124.62","false"
"AGQ","2011-01-19","142.86","143.07","135.35","136.13","848100","136.13","false"
"AGQ","2011-01-18","136.83","139.61","136.60","137.34","631400","137.34","false"
"AGQ","2011-01-14","135.36","136.31","130.41","133.22","1274700","133.22","false"
"AGQ","2011-01-13","145.58","145.58","134.39","136.02","1233000","136.02","false"
"AGQ","2011-01-12","145.41","145.91","142.80","145.74","685500","145.74","false"
"AGQ","2011-01-11","144.41","145.28","142.20","144.69","820400","144.69","false"
"AGQ","2011-01-10","139.00","140.47","136.87","139.05","676100","139.05","false"
"AGQ","2011-01-07","138.32","142.50","135.21","136.95","1211100","136.95","false"
"AGQ","2011-01-06","142.69","142.77","137.60","140.34","986700","140.34","false"
"AGQ","2011-01-05","141.09","143.64","135.36","142.30","1976500","142.30","false"
"AGQ","2011-01-04","152.85","153.08","142.62","147.39","1764000","147.39","false"
"AGQ","2011-01-03","159.96","161.45","154.48","156.59","1210100","156.59","false"
